Job Title,Apply Link
Territory Business Executive,https://dlight.zohorecruit.in/jobs/Careers/85462000006413279/Territory-Business-Executive?source=CareerSite
Multimedia Designer,https://dlight.zohorecruit.in/jobs/Careers/85462000011810078/Multimedia-Designer?source=CareerSite
Quality Excellence & Continuous Improvement Manager,https://dlight.zohorecruit.in/jobs/Careers/85462000011867100/Quality-Excellence-Continuous-Improvement-Manager?source=CareerSite
Area Business Manager,https://dlight.zohorecruit.in/jobs/Careers/85462000009235001/Area-Business-Manager?source=CareerSite
Territory Business Executive,https://dlight.zohorecruit.in/jobs/Careers/85462000010014188/Territory-Business-Executive?source=CareerSite
Territory Business Executive,https://dlight.zohorecruit.in/jobs/Careers/85462000007895025/Territory-Business-Executive?source=CareerSite
Quality Engineer Customer Quality & DQA - Kenya,https://dlight.zohorecruit.in/jobs/Careers/85462000011147307/Quality-Engineer-Customer-Quality-DQA---Kenya?source=CareerSite
Internal Controls Manager,https://dlight.zohorecruit.in/jobs/Careers/85462000005452071/Internal-Controls-Manager?source=CareerSite
Regional Service Technician,https://dlight.zohorecruit.in/jobs/Careers/85462000006253054/Regional-Service-Technician?source=CareerSite
